place,link
auburn,auburn.craigslist.org
birmingham,bham.craigslist.org
dothan,dothan.craigslist.org
florence / muscle shoals,shoals.craigslist.org
gadsden-anniston,gadsden.craigslist.org
huntsville / decatur,huntsville.craigslist.org
mobile,mobile.craigslist.org
montgomery,montgomery.craigslist.org
tuscaloosa,tuscaloosa.craigslist.org
anchorage / mat-su,anchorage.craigslist.org
fairbanks,fairbanks.craigslist.org
kenai peninsula,kenai.craigslist.org
southeast alaska,juneau.craigslist.org
flagstaff / sedona,flagstaff.craigslist.org
mohave county,mohave.craigslist.org
phoenix,phoenix.craigslist.org
prescott,prescott.craigslist.org
show low,showlow.craigslist.org
sierra vista,sierravista.craigslist.org
tucson,tucson.craigslist.org
yuma,yuma.craigslist.org
fayetteville ,fayar.craigslist.org
fort smith,fortsmith.craigslist.org
jonesboro,jonesboro.craigslist.org
little rock,littlerock.craigslist.org
texarkana,texarkana.craigslist.org
bakersfield,bakersfield.craigslist.org
chico,chico.craigslist.org
fresno / madera,fresno.craigslist.org
gold country,goldcountry.craigslist.org
hanford-corcoran,hanford.craigslist.org
humboldt county,humboldt.craigslist.org
imperial county,imperial.craigslist.org
inland empire,inlandempire.craigslist.org
los angeles,losangeles.craigslist.org
mendocino county,mendocino.craigslist.org
merced,merced.craigslist.org
modesto,modesto.craigslist.org
monterey bay,monterey.craigslist.org
orange county,orangecounty.craigslist.org
palm springs,palmsprings.craigslist.org
redding,redding.craigslist.org
sacramento,sacramento.craigslist.org
san diego,sandiego.craigslist.org
san francisco bay area,sfbay.craigslist.org
san luis obispo,slo.craigslist.org
santa barbara,santabarbara.craigslist.org
santa maria,santamaria.craigslist.org
siskiyou county,siskiyou.craigslist.org
stockton,stockton.craigslist.org
susanville,susanville.craigslist.org
ventura county,ventura.craigslist.org
visalia-tulare,visalia.craigslist.org
yuba-sutter,yubasutter.craigslist.org
boulder,boulder.craigslist.org
colorado springs,cosprings.craigslist.org
denver,denver.craigslist.org
eastern CO,eastco.craigslist.org
fort collins / north CO,fortcollins.craigslist.org
high rockies,rockies.craigslist.org
pueblo,pueblo.craigslist.org
western slope,westslope.craigslist.org
eastern CT,newlondon.craigslist.org
hartford,hartford.craigslist.org
new haven,newhaven.craigslist.org
northwest CT,nwct.craigslist.org
delaware,delaware.craigslist.org
washington,washingtondc.craigslist.org
broward county,miami.craigslist.org/brw
daytona beach,daytona.craigslist.org
florida keys,keys.craigslist.org
fort lauderdale,fortlauderdale.craigslist.org
ft myers / SW florida,fortmyers.craigslist.org
gainesville,gainesville.craigslist.org
heartland florida,cfl.craigslist.org
jacksonville,jacksonville.craigslist.org
lakeland,lakeland.craigslist.org
miami / dade,miami.craigslist.org/mdc
north central FL,lakecity.craigslist.org
ocala,ocala.craigslist.org
okaloosa / walton,okaloosa.craigslist.org
orlando,orlando.craigslist.org
panama city,panamacity.craigslist.org
pensacola,pensacola.craigslist.org
sarasota-bradenton,sarasota.craigslist.org
south florida,miami.craigslist.org
space coast,spacecoast.craigslist.org
st augustine,staugustine.craigslist.org
tallahassee,tallahassee.craigslist.org
tampa bay area,tampa.craigslist.org
treasure coast,treasure.craigslist.org
palm beach county,miami.craigslist.org/pbc
albany ,albanyga.craigslist.org
athens,athensga.craigslist.org
atlanta,atlanta.craigslist.org
augusta,augusta.craigslist.org
brunswick,brunswick.craigslist.org
columbus ,columbusga.craigslist.org
macon / warner robins,macon.craigslist.org
northwest GA,nwga.craigslist.org
savannah / hinesville,savannah.craigslist.org
statesboro,statesboro.craigslist.org
valdosta,valdosta.craigslist.org
hawaii,honolulu.craigslist.org
boise,boise.craigslist.org
east idaho,eastidaho.craigslist.org
lewiston / clarkston,lewiston.craigslist.org
twin falls,twinfalls.craigslist.org
bloomington-normal,bn.craigslist.org
champaign urbana,chambana.craigslist.org
chicago,chicago.craigslist.org
decatur,decatur.craigslist.org
la salle co,lasalle.craigslist.org
mattoon-charleston,mattoon.craigslist.org
peoria,peoria.craigslist.org
rockford,rockford.craigslist.org
southern illinois,carbondale.craigslist.org
springfield ,springfieldil.craigslist.org
western IL,quincy.craigslist.org
bloomington,bloomington.craigslist.org
evansville,evansville.craigslist.org
fort wayne,fortwayne.craigslist.org
indianapolis,indianapolis.craigslist.org
kokomo,kokomo.craigslist.org
lafayette / west lafayette,tippecanoe.craigslist.org
muncie / anderson,muncie.craigslist.org
richmond ,richmondin.craigslist.org
south bend / michiana,southbend.craigslist.org
terre haute,terrehaute.craigslist.org
ames,ames.craigslist.org
cedar rapids,cedarrapids.craigslist.org
des moines,desmoines.craigslist.org
dubuque,dubuque.craigslist.org
fort dodge,fortdodge.craigslist.org
iowa city,iowacity.craigslist.org
mason city,masoncity.craigslist.org
quad cities,quadcities.craigslist.org
sioux city,siouxcity.craigslist.org
southeast IA,ottumwa.craigslist.org
waterloo / cedar falls,waterloo.craigslist.org
lawrence,lawrence.craigslist.org
manhattan,ksu.craigslist.org
northwest KS,nwks.craigslist.org
salina,salina.craigslist.org
southeast KS,seks.craigslist.org
southwest KS,swks.craigslist.org
topeka,topeka.craigslist.org
wichita,wichita.craigslist.org
bowling green,bgky.craigslist.org
eastern kentucky,eastky.craigslist.org
lexington,lexington.craigslist.org
louisville,louisville.craigslist.org
owensboro,owensboro.craigslist.org
western KY,westky.craigslist.org
baton rouge,batonrouge.craigslist.org
central louisiana,cenla.craigslist.org
houma,houma.craigslist.org
lafayette,lafayette.craigslist.org
lake charles,lakecharles.craigslist.org
monroe,monroe.craigslist.org
new orleans,neworleans.craigslist.org
shreveport,shreveport.craigslist.org
maine,maine.craigslist.org
annapolis,annapolis.craigslist.org
baltimore,baltimore.craigslist.org
eastern shore,easternshore.craigslist.org
frederick,frederick.craigslist.org
southern maryland,smd.craigslist.org
western maryland,westmd.craigslist.org
boston,boston.craigslist.org
cape cod / islands,capecod.craigslist.org
south coast,southcoast.craigslist.org
western massachusetts,westernmass.craigslist.org
worcester / central MA,worcester.craigslist.org
ann arbor,annarbor.craigslist.org
battle creek,battlecreek.craigslist.org
central michigan,centralmich.craigslist.org
detroit metro,detroit.craigslist.org
flint,flint.craigslist.org
grand rapids,grandrapids.craigslist.org
holland,holland.craigslist.org
jackson ,jxn.craigslist.org
kalamazoo,kalamazoo.craigslist.org
lansing,lansing.craigslist.org
monroe ,monroemi.craigslist.org
muskegon,muskegon.craigslist.org
northern michigan,nmi.craigslist.org
port huron,porthuron.craigslist.org
saginaw-midland-baycity,saginaw.craigslist.org
southwest michigan,swmi.craigslist.org
the thumb,thumb.craigslist.org
upper peninsula,up.craigslist.org
bemidji,bemidji.craigslist.org
brainerd,brainerd.craigslist.org
duluth / superior,duluth.craigslist.org
mankato,mankato.craigslist.org
minneapolis / st paul,minneapolis.craigslist.org
rochester ,rmn.craigslist.org
southwest MN,marshall.craigslist.org
st cloud,stcloud.craigslist.org
gulfport / biloxi,gulfport.craigslist.org
hattiesburg,hattiesburg.craigslist.org
jackson,jackson.craigslist.org
meridian,meridian.craigslist.org
north mississippi,northmiss.craigslist.org
southwest MS,natchez.craigslist.org
columbia / jeff city,columbiamo.craigslist.org
joplin,joplin.craigslist.org
kansas city,kansascity.craigslist.org
kirksville,kirksville.craigslist.org
lake of the ozarks,loz.craigslist.org
southeast missouri,semo.craigslist.org
springfield,springfield.craigslist.org
st joseph,stjoseph.craigslist.org
st louis,stlouis.craigslist.org
billings,billings.craigslist.org
bozeman,bozeman.craigslist.org
butte,butte.craigslist.org
great falls,greatfalls.craigslist.org
helena,helena.craigslist.org
kalispell,kalispell.craigslist.org
missoula,missoula.craigslist.org
eastern montana,montana.craigslist.org
grand island,grandisland.craigslist.org
lincoln,lincoln.craigslist.org
north platte,northplatte.craigslist.org
omaha / council bluffs,omaha.craigslist.org
scottsbluff / panhandle,scottsbluff.craigslist.org
elko,elko.craigslist.org
las vegas,lasvegas.craigslist.org
reno / tahoe,reno.craigslist.org
new hampshire,nh.craigslist.org
central NJ,cnj.craigslist.org
jersey shore,jerseyshore.craigslist.org
north jersey,newjersey.craigslist.org
south jersey,southjersey.craigslist.org
albuquerque,albuquerque.craigslist.org
clovis / portales,clovis.craigslist.org
farmington,farmington.craigslist.org
las cruces,lascruces.craigslist.org
roswell / carlsbad,roswell.craigslist.org
santa fe / taos,santafe.craigslist.org
albany,albany.craigslist.org
binghamton,binghamton.craigslist.org
buffalo,buffalo.craigslist.org
catskills,catskills.craigslist.org
chautauqua,chautauqua.craigslist.org
elmira-corning,elmira.craigslist.org
finger lakes,fingerlakes.craigslist.org
glens falls,glensfalls.craigslist.org
hudson valley,hudsonvalley.craigslist.org
ithaca,ithaca.craigslist.org
long island,longisland.craigslist.org
new york city,newyork.craigslist.org
oneonta,oneonta.craigslist.org
plattsburgh-adirondacks,plattsburgh.craigslist.org
potsdam-canton-massena,potsdam.craigslist.org
rochester,rochester.craigslist.org
syracuse,syracuse.craigslist.org
twin tiers NY/PA,twintiers.craigslist.org
utica-rome-oneida,utica.craigslist.org
watertown,watertown.craigslist.org
asheville,asheville.craigslist.org
boone,boone.craigslist.org
charlotte,charlotte.craigslist.org
eastern NC,eastnc.craigslist.org
fayetteville,fayetteville.craigslist.org
greensboro,greensboro.craigslist.org
hickory / lenoir,hickory.craigslist.org
jacksonville ,onslow.craigslist.org
outer banks,outerbanks.craigslist.org
raleigh / durham / CH,raleigh.craigslist.org
wilmington,wilmington.craigslist.org
winston-salem,winstonsalem.craigslist.org
bismarck,bismarck.craigslist.org
fargo / moorhead,fargo.craigslist.org
grand forks,grandforks.craigslist.org
north dakota,nd.craigslist.org
akron / canton,akroncanton.craigslist.org
ashtabula,ashtabula.craigslist.org
athens ,athensohio.craigslist.org
chillicothe,chillicothe.craigslist.org
cincinnati,cincinnati.craigslist.org
cleveland,cleveland.craigslist.org
columbus,columbus.craigslist.org
dayton / springfield,dayton.craigslist.org
lima / findlay,limaohio.craigslist.org
mansfield,mansfield.craigslist.org
sandusky,sandusky.craigslist.org
toledo,toledo.craigslist.org
tuscarawas co,tuscarawas.craigslist.org
youngstown,youngstown.craigslist.org
zanesville / cambridge,zanesville.craigslist.org
lawton,lawton.craigslist.org
northwest OK,enid.craigslist.org
oklahoma city,oklahomacity.craigslist.org
stillwater,stillwater.craigslist.org
tulsa,tulsa.craigslist.org
bend,bend.craigslist.org
corvallis/albany,corvallis.craigslist.org
east oregon,eastoregon.craigslist.org
eugene,eugene.craigslist.org
klamath falls,klamath.craigslist.org
medford-ashland,medford.craigslist.org
oregon coast,oregoncoast.craigslist.org
portland,portland.craigslist.org
roseburg,roseburg.craigslist.org
salem,salem.craigslist.org
altoona-johnstown,altoona.craigslist.org
cumberland valley,chambersburg.craigslist.org
erie,erie.craigslist.org
harrisburg,harrisburg.craigslist.org
lancaster,lancaster.craigslist.org
lehigh valley,allentown.craigslist.org
meadville,meadville.craigslist.org
philadelphia,philadelphia.craigslist.org
pittsburgh,pittsburgh.craigslist.org
poconos,poconos.craigslist.org
reading,reading.craigslist.org
scranton / wilkes-barre,scranton.craigslist.org
state college,pennstate.craigslist.org
williamsport,williamsport.craigslist.org
york,york.craigslist.org
rhode island,providence.craigslist.org
charleston,charleston.craigslist.org
columbia,columbia.craigslist.org
florence,florencesc.craigslist.org
greenville / upstate,greenville.craigslist.org
hilton head,hiltonhead.craigslist.org
myrtle beach,myrtlebeach.craigslist.org
northeast SD,nesd.craigslist.org
pierre / central SD,csd.craigslist.org
rapid city / west SD,rapidcity.craigslist.org
sioux falls / SE SD,siouxfalls.craigslist.org
south dakota,sd.craigslist.org
chattanooga,chattanooga.craigslist.org
clarksville,clarksville.craigslist.org
cookeville,cookeville.craigslist.org
jackson  ,jacksontn.craigslist.org
knoxville,knoxville.craigslist.org
memphis,memphis.craigslist.org
nashville,nashville.craigslist.org
tri-cities,tricities.craigslist.org
abilene,abilene.craigslist.org
amarillo,amarillo.craigslist.org
austin,austin.craigslist.org
beaumont / port arthur,beaumont.craigslist.org
brownsville,brownsville.craigslist.org
college station,collegestation.craigslist.org
corpus christi,corpuschristi.craigslist.org
dallas / fort worth,dallas.craigslist.org
deep east texas,nacogdoches.craigslist.org
del rio / eagle pass,delrio.craigslist.org
el paso,elpaso.craigslist.org
galveston,galveston.craigslist.org
houston,houston.craigslist.org
killeen / temple / ft hood,killeen.craigslist.org
laredo,laredo.craigslist.org
lubbock,lubbock.craigslist.org
mcallen / edinburg,mcallen.craigslist.org
odessa / midland,odessa.craigslist.org
san angelo,sanangelo.craigslist.org
san antonio,sanantonio.craigslist.org
san marcos,sanmarcos.craigslist.org
southwest TX,bigbend.craigslist.org
texoma,texoma.craigslist.org
tyler / east TX,easttexas.craigslist.org
victoria ,victoriatx.craigslist.org
waco,waco.craigslist.org
wichita falls,wichitafalls.craigslist.org
logan,logan.craigslist.org
ogden-clearfield,ogden.craigslist.org
provo / orem,provo.craigslist.org
salt lake city,saltlakecity.craigslist.org
st george,stgeorge.craigslist.org
vermont,vermont.craigslist.org
charlottesville,charlottesville.craigslist.org
danville,danville.craigslist.org
fredericksburg,fredericksburg.craigslist.org
hampton roads,norfolk.craigslist.org
harrisonburg,harrisonburg.craigslist.org
lynchburg,lynchburg.craigslist.org
new river valley,blacksburg.craigslist.org
richmond,richmond.craigslist.org
roanoke,roanoke.craigslist.org
southwest VA,swva.craigslist.org
winchester,winchester.craigslist.org
bellingham,bellingham.craigslist.org
kennewick-pasco-richland,kpr.craigslist.org
moses lake,moseslake.craigslist.org
olympic peninsula,olympic.craigslist.org
pullman / moscow,pullman.craigslist.org
seattle-tacoma,seattle.craigslist.org
skagit / island / SJI,skagit.craigslist.org
spokane / coeur d'alene,spokane.craigslist.org
wenatchee,wenatchee.craigslist.org
yakima,yakima.craigslist.org
charleston ,charlestonwv.craigslist.org
eastern panhandle,martinsburg.craigslist.org
huntington-ashland,huntington.craigslist.org
morgantown,morgantown.craigslist.org
northern panhandle,wheeling.craigslist.org
parkersburg-marietta,parkersburg.craigslist.org
southern WV,swv.craigslist.org
west virginia (old),wv.craigslist.org
appleton-oshkosh-FDL,appleton.craigslist.org
eau claire,eauclaire.craigslist.org
green bay,greenbay.craigslist.org
janesville,janesville.craigslist.org
kenosha-racine,racine.craigslist.org
la crosse,lacrosse.craigslist.org
madison,madison.craigslist.org
milwaukee,milwaukee.craigslist.org
northern WI,northernwi.craigslist.org
sheboygan,sheboygan.craigslist.org
wausau,wausau.craigslist.org
wyoming,wyoming.craigslist.org
